{
  "id": {
    "providerName": "admin",
    "apiName": "RevokeAPI",
    "version": "1.0.0"
  },
  "uuid": "7017cae8-8d46-4fbf-8ef2-00f556f10ed2",
  "type": "HTTP",
  "context": "/revoke/1.0.0",
  "contextTemplate": "/revoke/{version}",
  "tags": [],
  "documents": [],
  "lastUpdated": "Aug 5, 2018 12:20:07 PM",
  "availableTiers": [
    {
      "name": "Gold",
      "displayName": "Gold",
      "description": "Allows 5000 requests per minute",
      "requestsPerMin": 5000,
      "requestCount": 5000,
      "unitTime": 1,
      "timeUnit": "min",
      "tierPlan": "FREE",
      "stopOnQuotaReached": true
    },
    {
      "name": "Unlimited",
      "displayName": "Unlimited",
      "description": "Allows unlimited requests",
      "requestsPerMin": 2147483647,
      "requestCount": 2147483647,
      "unitTime": 0,
      "timeUnit": "ms",
      "tierPlan": "FREE",
      "stopOnQuotaReached": true
    }
  ],
  "availableSubscriptionLevelPolicies": [],
  "uriTemplates": [
    {
      "uriTemplate": "/token",
      "httpVerb": "POST",
      "authType": "Any",
      "httpVerbs": [
        "POST"
      ],
      "authTypes": [
        "Any"
      ],
      "throttlingConditions": [],
      "throttlingTier": "Unlimited",
      "throttlingTiers": [
        "Unlimited"
      ],
      "mediationScript": "null",
      "scopes": [
        null
      ],
      "mediationScripts": {}
    }
  ],
  "apiHeaderChanged": false,
  "apiResourcePatternsChanged": false,
  "status": "CREATED",
  "visibility": "public",
  "endpointSecured": false,
  "endpointAuthDigest": false,
  "transports": "http,https",
  "advertiseOnly": false,
  "corsConfiguration": {
    "corsConfigurationEnabled": false,
    "accessControlAllowOrigins": [
      "*"
    ],
    "accessControlAllowCredentials": false,
    "accessControlAllowHeaders": [
      "authorization",
      "Access-Control-Allow-Origin",
      "Content-Type",
      "SOAPAction"
    ],
    "accessControlAllowMethods": [
      "GET",
      "PUT",
      "POST",
      "DELETE",
      "PATCH",
      "OPTIONS"
    ]
  },
  "endpointConfig": "{\"production_endpoints\":{\"url\":\"https://localhost:8243\",\"config\":null,\"template_not_supported\":false},\"endpoint_type\":\"http\"}",
  "responseCache": "Disabled",
  "cacheTimeout": 300,
  "implementation": "ENDPOINT",
  "scopes": [],
  "isDefaultVersion": false,
  "isPublishedDefaultVersion": false,
  "environments": [
    "Production and Sandbox"
  ],
  "createdTime": "1533451661612",
  "additionalProperties": {},
  "accessControl": "all",
  "rating": 0.0,
  "isLatest": true
}