{
  "swagger": "2.0",
  "paths": {
    "/token": {
      "post": {
        "parameters": [
          {
            "name": "Payload",
            "description": "Request Body",
            "required": false,
            "in": "body",
            "schema": {
              "type": "object",
              "properties": {
                "payload": {
                  "type": "string"
                }
              }
            }
          }
        ],
        "responses": {
          "200": {
            "description": ""
          }
        },
        "x-auth-type": "Application \u0026 Application User",
        "x-throttling-tier": "Unlimited"
      }
    }
  },
  "info": {
    "title": "RevokeAPI",
    "version": "1.0.0"
  }
}